-- phpMyAdmin SQL Dump
-- version 4.0.4
-- http://www.phpmyadmin.net
--
-- Client: localhost
-- Généré le: Lun 26 Juin 2017 à 22:11
-- Version du serveur: 5.6.12-log
-- Version de PHP: 5.4.12

SET SQL_MODE = "NO_AUTO_VALUE_ON_ZERO";
SET time_zone = "+00:00";


/*!40101 SET @OLD_CHARACTER_SET_CLIENT=@@CHARACTER_SET_CLIENT */;
/*!40101 SET @OLD_CHARACTER_SET_RESULTS=@@CHARACTER_SET_RESULTS */;
/*!40101 SET @OLD_COLLATION_CONNECTION=@@COLLATION_CONNECTION */;
/*!40101 SET NAMES utf8 */;

--
-- Base de données: `test1`
--

-- --------------------------------------------------------

--
-- Structure de la table `provinces`
--
SET FOREIGN_KEY_CHECKS=0;

CREATE TABLE IF NOT EXISTS `pays` (
  `id` smallint(5) unsigned NOT NULL AUTO_INCREMENT,
  `code` varchar(3) NOT NULL,
  `libcountry` varchar(45) NOT NULL,
  PRIMARY KEY (`id`),
  UNIQUE KEY `alpha3` (`code`)
) ENGINE=MyISAM  DEFAULT CHARSET=utf8 AUTO_INCREMENT=242 ;

INSERT INTO `pays` (`id`, `code`, `libcountry`) VALUES
(1, 'AFG', 'Afghanistan'),
(2, 'ALB', 'Albanie'),
(3, 'ATA', 'Antarctique'),
(4, 'DZA', 'Algérie'),
(5, 'ASM', 'Samoa Américaines'),
(6, 'AND', 'Andorre'),
(7, 'AGO', 'Angola'),
(8, 'ATG', 'Antigua-et-Barbuda'),
(9, 'AZE', 'Azerbaïdjan'),
(10, 'ARG', 'Argentine'),
(11, 'AUS', 'Australie'),
(12, 'AUT', 'Autriche'),
(13, 'BHS', 'Bahamas'),
(14, 'BHR', 'Bahreïn'),
(15, 'BGD', 'Bangladesh'),
(16, 'ARM', 'Arménie'),
(17, 'BRB', 'Barbade'),
(18, 'BEL', 'Belgique'),
(19, 'BMU', 'Bermudes'),
(20, 'BTN', 'Bhoutan'),
(21, 'BOL', 'Bolivie'),
(22, 'BIH', 'Bosnie-Herzégovine'),
(23, 'BWA', 'Botswana'),
(24, 'BVT', 'Île Bouvet'),
(25, 'BRA', 'Brésil'),
(26, 'BLZ', 'Belize'),
(27, 'IOT', 'Territoire Britannique de l''Océan Indien'),
(28, 'SLB', 'Îles Salomon'),
(29, 'VGB', 'Îles Vierges Britanniques'),
(30, 'BRN', 'Brunéi Darussalam'),
(31, 'BGR', 'Bulgarie'),
(32, 'MMR', 'Myanmar'),
(33, 'BDI', 'Burundi'),
(34, 'BLR', 'Bélarus'),
(35, 'KHM', 'Cambodge'),
(36, 'CMR', 'Cameroun'),
(37, 'CAN', 'Canada'),
(38, 'CPV', 'Cap-vert'),
(39, 'CYM', 'Îles Caïmanes'),
(40, 'CAF', 'République Centrafricaine'),
(41, 'LKA', 'Sri Lanka'),
(42, 'TCD', 'Tchad'),
(43, 'CHL', 'Chili'),
(44, 'CHN', 'Chine'),
(45, 'TWN', 'Taïwan'),
(46, 'CXR', 'Île Christmas'),
(47, 'CCK', 'Îles Cocos (Keeling)'),
(48, 'COL', 'Colombie'),
(49, 'COM', 'Comores'),
(50, 'MYT', 'Mayotte'),
(51, 'COG', 'République du Congo'),
(52, 'COD', 'République Démocratique du Congo'),
(53, 'COK', 'Îles Cook'),
(54, 'CRI', 'Costa Rica'),
(55, 'HRV', 'Croatie'),
(56, 'CUB', 'Cuba'),
(57, 'CYP', 'Chypre'),
(58, 'CZE', 'République Tchèque'),
(59, 'BEN', 'Bénin'),
(60, 'DNK', 'Danemark'),
(61, 'DMA', 'Dominique'),
(62, 'DOM', 'République Dominicaine'),
(63, 'ECU', 'Équateur'),
(64, 'SLV', 'El Salvador'),
(65, 'GNQ', 'Guinée Équatoriale'),
(66, 'ETH', 'Éthiopie'),
(67, 'ERI', 'Érythrée'),
(68, 'EST', 'Estonie'),
(69, 'FRO', 'Îles Féroé'),
(70, 'FLK', 'Îles (malvinas) Falkland'),
(71, 'SGS', 'Géorgie du Sud et les Îles Sandwich du Sud'),
(72, 'FJI', 'Fidji'),
(73, 'FIN', 'Finlande'),
(74, 'ALA', 'Îles Åland'),
(75, 'FRA', 'France'),
(76, 'GUF', 'Guyane Française'),
(77, 'PYF', 'Polynésie Française'),
(78, 'ATF', 'Terres Australes Françaises'),
(79, 'DJI', 'Djibouti'),
(80, 'GAB', 'Gabon'),
(81, 'GEO', 'Géorgie'),
(82, 'GMB', 'Gambie'),
(83, 'PSE', 'Territoire Palestinien Occupé'),
(84, 'DEU', 'Allemagne'),
(85, 'GHA', 'Ghana'),
(86, 'GIB', 'Gibraltar'),
(87, 'KIR', 'Kiribati'),
(88, 'GRC', 'Grèce'),
(89, 'GRL', 'Groenland'),
(90, 'GRD', 'Grenade'),
(91, 'GLP', 'Guadeloupe'),
(92, 'GUM', 'Guam'),
(93, 'GTM', 'Guatemala'),
(94, 'GIN', 'Guinée'),
(95, 'GUY', 'Guyana'),
(96, 'HTI', 'Haïti'),
(97, 'HMD', 'Îles Heard et Mcdonald'),
(98, 'VAT', 'Saint-Siège (état de la Cité du Vatican)'),
(99, 'HND', 'Honduras'),
(100, 'HKG', 'Hong-Kong'),
(101, 'HUN', 'Hongrie'),
(102, 'ISL', 'Islande'),
(103, 'IND', 'Inde'),
(104, 'IDN', 'Indonésie'),
(105, 'IRN', 'République Islamique d''Iran'),
(106, 'IRQ', 'Iraq'),
(107, 'IRL', 'Irlande'),
(108, 'ISR', 'Israël'),
(109, 'ITA', 'Italie'),
(110, 'CIV', 'Côte d''Ivoire'),
(111, 'JAM', 'Jamaïque'),
(112, 'JPN', 'Japon'),
(113, 'KAZ', 'Kazakhstan'),
(114, 'JOR', 'Jordanie'),
(115, 'KEN', 'Kenya'),
(116, 'PRK', 'République Populaire Démocratique de Corée'),
(117, 'KOR', 'République de Corée'),
(118, 'KWT', 'Koweït'),
(119, 'KGZ', 'Kirghizistan'),
(120, 'LAO', 'République Démocratique Populaire Lao'),
(121, 'LBN', 'Liban'),
(122, 'LSO', 'Lesotho'),
(123, 'LVA', 'Lettonie'),
(124, 'LBR', 'Libéria'),
(125, 'LBY', 'Jamahiriya Arabe Libyenne'),
(126, 'LIE', 'Liechtenstein'),
(127, 'LTU', 'Lituanie'),
(128, 'LUX', 'Luxembourg'),
(129, 'MAC', 'Macao'),
(130, 'MDG', 'Madagascar'),
(131, 'MWI', 'Malawi'),
(132, 'MYS', 'Malaisie'),
(133, 'MDV', 'Maldives'),
(134, 'MLI', 'Mali'),
(135, 'MLT', 'Malte'),
(136, 'MTQ', 'Martinique'),
(137, 'MRT', 'Mauritanie'),
(138, 'MUS', 'Maurice'),
(139, 'MEX', 'Mexique'),
(140, 'MCO', 'Monaco'),
(141, 'MNG', 'Mongolie'),
(142, 'MDA', 'République de Moldova'),
(143, 'MSR', 'Montserrat'),
(144, 'MAR', 'Maroc'),
(145, 'MOZ', 'Mozambique'),
(146, 'OMN', 'Oman'),
(147, 'NAM', 'Namibie'),
(148, 'NRU', 'Nauru'),
(149, 'NPL', 'Népal'),
(150, 'NLD', 'Pays-Bas'),
(151, 'ANT', 'Antilles Néerlandaises'),
(152, 'ABW', 'Aruba'),
(153, 'NCL', 'Nouvelle-Calédonie'),
(154, 'VUT', 'Vanuatu'),
(155, 'NZL', 'Nouvelle-Zélande'),
(156, 'NIC', 'Nicaragua'),
(157, 'NER', 'Niger'),
(158, 'NGA', 'Nigéria'),
(159, 'NIU', 'Niué'),
(160, 'NFK', 'Île Norfolk'),
(161, 'NOR', 'Norvège'),
(162, 'MNP', 'Îles Mariannes du Nord'),
(163, 'UMI', 'Îles Mineures Éloignées des États-Unis'),
(164, 'FSM', 'États Fédérés de Micronésie'),
(165, 'MHL', 'Îles Marshall'),
(166, 'PLW', 'Palaos'),
(167, 'PAK', 'Pakistan'),
(168, 'PAN', 'Panama'),
(169, 'PNG', 'Papouasie-Nouvelle-Guinée'),
(170, 'PRY', 'Paraguay'),
(171, 'PER', 'Pérou'),
(172, 'PHL', 'Philippines'),
(173, 'PCN', 'Pitcairn'),
(174, 'POL', 'Pologne'),
(175, 'PRT', 'Portugal'),
(176, 'GNB', 'Guinée-Bissau'),
(177, 'TLS', 'Timor-Leste'),
(178, 'PRI', 'Porto Rico'),
(179, 'QAT', 'Qatar'),
(180, 'REU', 'Réunion'),
(181, 'ROU', 'Roumanie'),
(182, 'RUS', 'Fédération de Russie'),
(183, 'RWA', 'Rwanda'),
(184, 'SHN', 'Sainte-Hélène'),
(185, 'KNA', 'Saint-Kitts-et-Nevis'),
(186, 'AIA', 'Anguilla'),
(187, 'LCA', 'Sainte-Lucie'),
(188, 'SPM', 'Saint-Pierre-et-Miquelon'),
(189, 'VCT', 'Saint-Vincent-et-les Grenadines'),
(190, 'SMR', 'Saint-Marin'),
(191, 'STP', 'Sao Tomé-et-Principe'),
(192, 'SAU', 'Arabie Saoudite'),
(193, 'SEN', 'Sénégal'),
(194, 'SYC', 'Seychelles'),
(195, 'SLE', 'Sierra Leone'),
(196, 'SGP', 'Singapour'),
(197, 'SVK', 'Slovaquie'),
(198, 'VNM', 'Viet Nam'),
(199, 'SVN', 'Slovénie'),
(200, 'SOM', 'Somalie'),
(201, 'ZAF', 'Afrique du Sud'),
(202, 'ZWE', 'Zimbabwe'),
(203, 'ESP', 'Espagne'),
(204, 'ESH', 'Sahara Occidental'),
(205, 'SDN', 'Soudan'),
(206, 'SUR', 'Suriname'),
(207, 'SJM', 'Svalbard etÎle Jan Mayen'),
(208, 'SWZ', 'Swaziland'),
(209, 'SWE', 'Suède'),
(210, 'CHE', 'Suisse'),
(211, 'SYR', 'République Arabe Syrienne'),
(212, 'TJK', 'Tadjikistan'),
(213, 'THA', 'Thaïlande'),
(214, 'TGO', 'Togo'),
(215, 'TKL', 'Tokelau'),
(216, 'TON', 'Tonga'),
(217, 'TTO', 'Trinité-et-Tobago'),
(218, 'ARE', 'Émirats Arabes Unis'),
(219, 'TUN', 'Tunisie'),
(220, 'TUR', 'Turquie'),
(221, 'TKM', 'Turkménistan'),
(222, 'TCA', 'Îles Turks et Caïques'),
(223, 'TUV', 'Tuvalu'),
(224, 'UGA', 'Ouganda'),
(225, 'UKR', 'Ukraine'),
(226, 'MKD', 'L''ex-République Yougoslave de Macédoine'),
(227, 'EGY', 'Égypte'),
(228, 'GBR', 'Royaume-Uni'),
(229, 'IMN', 'Île de Man'),
(230, 'TZA', 'République-Unie de Tanzanie'),
(231, 'USA', 'États-Unis'),
(232, 'VIR', 'Îles Vierges des États-Unis'),
(233, 'BFA', 'Burkina Faso'),
(234, 'URY', 'Uruguay'),
(235, 'UZB', 'Ouzbékistan'),
(236, 'VEN', 'Venezuela'),
(237, 'WLF', 'Wallis et Futuna'),
(238, 'WSM', 'Samoa'),
(239, 'YEM', 'Yémen'),
(240, 'SCG', 'Serbie-et-Monténégro'),
(241, 'ZMB', 'Zambie');

CREATE TABLE IF NOT EXISTS `province` (
  `id` int(11) NOT NULL AUTO_INCREMENT,
  `libprovince` varchar(100) CHARACTER SET latin1 NOT NULL,
  PRIMARY KEY (`id`)
) ENGINE=InnoDB  DEFAULT CHARSET=utf8 COLLATE=utf8_unicode_ci AUTO_INCREMENT=27 ;

--
-- Contenu de la table `province`
--

INSERT INTO `province` (`id`, `libprovince`) VALUES
(1, 'Bas-Uele'),
(2, 'Equateur'),
(3, 'Haut-Katanga'),
(4, 'Haut Lomami'),
(5, 'Haut-Uele'),
(6, 'Ituri'),
(7, 'Kasai'),
(8, 'Kasai-Oriental'),
(9, 'Kongo Central'),
(10, 'Kwango'),
(11, 'Kwilu'),
(12, 'Lomami'),
(13, 'Lualaba'),
(14, 'Lulua'),
(15, 'Mai-Ndombe'),
(16, 'Maniema'),
(17, 'Mongala'),
(18, 'Nord-kivu'),
(19, 'Nord-Ubangi'),
(20, 'Sankuru'),
(21, 'Sud-Kivu'),
(22, 'Sud-Ubangi'),
(23, 'Tanganyika'),
(24, 'Tshopo'),
(25, 'Tshuapa'),
(26, 'Kinshasa');

CREATE TABLE IF NOT EXISTS `ville` (
  `id` int(11) NOT NULL AUTO_INCREMENT,
  `province_id` int(11) NOT NULL,
  `libville` varchar(100) CHARACTER SET latin1 NOT NULL,
  `type` int(11) NOT NULL,
  PRIMARY KEY (`id`)
) ENGINE=InnoDB  DEFAULT CHARSET=utf8 COLLATE=utf8_unicode_ci AUTO_INCREMENT=179 ;

--
-- Contenu de la table `ville`
--

INSERT INTO `ville` (`id`, `province_id`, `libville`, `type`) VALUES
(1, 1, 'buta', 1),
(2, 2, 'mbandaka', 1),
(3, 3, 'lubumbashi', 1),
(4, 3, 'likasi', 1),
(5, 4, 'kamina', 1),
(6, 5, 'isiro', 1),
(7, 6, 'bunia', 1),
(8, 7, 'luebo', 1),
(9, 7, 'tshikapa', 1),
(10, 8, 'Mbuji-mayi', 1),
(11, 9, 'matadi', 1),
(12, 9, 'boma', 1),
(13, 10, 'kenge', 1),
(14, 11, 'bandundu', 1),
(15, 11, 'kikwit', 1),
(16, 12, 'kabinda', 1),
(17, 12, 'mwene-ditu', 1),
(18, 13, 'kolwezi', 1),
(19, 14, 'kananga', 1),
(20, 15, 'inongo', 1),
(21, 16, 'kindu', 1),
(22, 17, 'lisala', 1),
(23, 18, 'beni', 1),
(24, 18, 'butembo', 1),
(25, 18, 'goma', 1),
(26, 19, 'gbadolite', 1),
(27, 20, 'lodja', 1),
(28, 21, 'bukavu', 1),
(29, 22, 'genema', 1),
(30, 22, 'zongo', 1),
(31, 23, 'kalemie', 1),
(32, 24, 'kisangani', 1),
(33, 25, 'boende', 1),
(34, 26, 'kinshasa', 1),
(35, 1, 'aketi', 2),
(36, 1, 'bambesa', 2),
(37, 1, 'buta', 2),
(38, 1, 'ango', 2),
(39, 1, 'bondo', 2),
(40, 1, 'poko', 2),
(41, 2, 'bukoro', 2),
(42, 2, 'lukolela', 2),
(43, 2, 'basankusu', 2),
(44, 2, 'makanza', 2),
(45, 2, 'bolamba', 2),
(46, 2, 'bomongo', 2),
(47, 2, 'ingende', 2),
(48, 3, 'kambove', 2),
(49, 3, 'mitwaba', 2),
(50, 3, 'pweto', 2),
(51, 3, 'kipushi', 2),
(52, 3, 'kasenga', 2),
(53, 3, 'sakania', 2),
(54, 4, 'bukama', 2),
(55, 4, 'kabongo', 2),
(56, 4, 'kamina', 2),
(57, 4, 'kaniama', 2),
(58, 4, 'malemba', 2),
(59, 4, 'nkulu', 2),
(60, 5, 'dungu', 2),
(61, 5, 'rungu', 2),
(62, 5, 'faradje', 2),
(63, 5, 'watsa', 2),
(64, 5, 'niangara', 2),
(65, 6, 'aru', 2),
(66, 6, 'irumu', 2),
(67, 6, 'mambasa', 2),
(68, 6, 'djugu', 2),
(69, 6, 'mahagi', 2),
(70, 7, 'kamonia', 2),
(71, 7, 'dekese', 2),
(72, 7, 'mweka', 2),
(73, 7, 'ilebo', 2),
(74, 7, 'luebo', 2),
(75, 8, 'kabeya-kamwanga', 2),
(76, 8, 'katanda', 2),
(77, 8, 'lupatapata', 2),
(78, 8, 'miabi', 2),
(79, 8, 'tshilenge', 2),
(80, 9, 'moanda', 2),
(81, 9, 'lukula', 2),
(82, 9, 'sekebanza', 2),
(83, 9, 'tshela', 2),
(84, 9, 'luozi', 2),
(85, 9, 'mbanza-ngungu', 2),
(86, 9, 'songololo', 2),
(87, 9, 'kasangulu', 2),
(88, 9, 'kimvula', 2),
(89, 9, 'madimba', 2),
(90, 10, 'feshi', 2),
(91, 10, 'kahemba', 2),
(92, 10, 'kasongo-lunda', 2),
(93, 10, 'kenge', 2),
(94, 10, 'popokabaka', 2),
(95, 11, 'bulungu', 2),
(96, 11, 'bagata', 2),
(97, 11, 'masimanimba', 2),
(98, 11, 'gungu', 2),
(99, 11, 'idiofa', 2),
(100, 12, 'luilu', 2),
(101, 12, 'kabinda', 2),
(102, 12, 'lubao', 2),
(103, 12, 'ngandajika', 2),
(104, 13, 'dilolo', 2),
(105, 13, 'kapanga', 2),
(106, 13, 'sandoa', 2),
(107, 13, 'lubudi', 2),
(108, 13, 'mutshatsha', 2),
(109, 14, 'demba', 2),
(110, 14, 'dibaya', 2),
(111, 14, 'dimbelenge', 2),
(112, 14, 'kazumba', 2),
(113, 14, 'luiza', 2),
(114, 15, 'inongo', 2),
(115, 15, 'kiri', 2),
(116, 15, 'oshwe', 2),
(117, 15, 'kutu', 2),
(118, 15, 'bolobo', 2),
(119, 15, 'kwamouth', 2),
(120, 15, 'lmuhie', 2),
(121, 15, 'yumbi', 2),
(122, 16, 'kabambare', 2),
(123, 16, 'kailo', 2),
(124, 16, 'kasongo', 2),
(125, 16, 'kibombo', 2),
(126, 16, 'lubutu', 2),
(127, 16, 'pangi', 2),
(128, 16, 'punia', 2),
(129, 17, 'bongandanga', 2),
(130, 17, 'lisala', 2),
(131, 17, 'bumba', 2),
(132, 18, 'beni', 2),
(133, 18, 'lubero', 2),
(134, 18, 'masisi', 2),
(135, 18, 'nyiragongo', 2),
(136, 18, 'rutshuru', 2),
(137, 18, 'walikame', 2),
(138, 19, 'bodobomo', 2),
(139, 19, 'mobayi-mbongo', 2),
(140, 19, 'businga', 2),
(141, 19, 'yakoma', 2),
(142, 20, 'Katako-kombe', 2),
(143, 20, 'lomela', 2),
(144, 20, 'lubefu', 2),
(145, 20, 'kole', 2),
(146, 20, 'lodja', 2),
(147, 20, 'lusambo', 2),
(148, 21, 'fizi', 2),
(149, 21, 'idjwi', 2),
(150, 21, 'kabare', 2),
(151, 21, 'kalehe', 2),
(152, 21, 'mwenga', 2),
(153, 21, 'shabunda', 2),
(154, 21, 'uvira', 2),
(155, 21, 'walungu', 2),
(156, 22, 'kungu', 2),
(157, 22, 'libenge', 2),
(158, 22, 'budjala', 2),
(159, 22, 'gemena', 2),
(160, 23, 'kabalo', 2),
(161, 23, 'manono', 2),
(162, 23, 'kalemie', 2),
(163, 23, 'kongolo', 2),
(164, 23, 'nyunzu', 2),
(165, 23, 'moba', 2),
(166, 24, 'bafwasende', 2),
(167, 24, 'banalia', 2),
(168, 24, 'basoko', 2),
(169, 24, 'isangi', 2),
(170, 24, 'opala', 2),
(171, 24, 'ubundu', 2),
(172, 24, 'yahuma', 2),
(173, 25, 'bokungu', 2),
(174, 25, 'djolu', 2),
(175, 25, 'ikela', 2),
(176, 25, 'boende', 2),
(177, 25, 'befale', 2),
(178, 25, 'monkoto', 2);

SET FOREIGN_KEY_CHECKS=1;

/*!40101 SET CHARACTER_SET_CLIENT=@OLD_CHARACTER_SET_CLIENT */;
/*!40101 SET CHARACTER_SET_RESULTS=@OLD_CHARACTER_SET_RESULTS */;
/*!40101 SET COLLATION_CONNECTION=@OLD_COLLATION_CONNECTION */;
